,City,Country,Date,Lat,Lng,Max Temp,Humidity,Cloudiness,Wind Speed
0,Ryotsu,JP,2021-10-27 22:24:37,38.0833,138.4333,62.56,65,37,10.29
1,Sitka,US,2021-10-27 22:24:37,57.0531,-135.33,46.29,81,90,16.11
2,Asau,RO,2021-10-27 22:24:38,46.4333,26.4,44.76,75,19,4.16
3,Albany,US,2021-10-27 22:24:38,42.6001,-73.9662,55.81,70,98,1.01
4,Port Alfred,ZA,2021-10-27 22:24:02,-33.5906,26.891,67.1,82,100,32.91
5,Barrow,US,2021-10-27 22:23:22,71.2906,-156.7887,19.42,93,90,3.44
6,Salme,NP,2021-10-27 22:24:39,28.0369,85.0942,53.89,67,0,6.62
7,Jamestown,US,2021-10-27 22:24:39,42.097,-79.2353,53.19,80,1,1.99
8,Faanui,PF,2021-10-27 22:24:40,-16.4833,-151.75,79.25,79,58,6.55
9,Busselton,AU,2021-10-27 22:23:39,-33.65,115.3333,45.05,75,83,9.33
10,Atar,MR,2021-10-27 22:24:40,20.5169,-13.0499,78.4,50,100,6.49
11,Komsomolskiy,UZ,2021-10-27 22:24:41,40.4272,71.7189,48.92,57,100,6.91
12,Ushuaia,AR,2021-10-27 22:23:18,-54.8,-68.3,49.66,50,20,26.46
13,Chaozhou,CN,2021-10-27 22:24:41,23.6651,116.6379,73.26,89,81,2.55
14,Paamiut,GL,2021-10-27 22:23:15,61.994,-49.6678,31.23,68,56,12.03
15,Vieste,IT,2021-10-27 22:24:42,41.8825,16.175,52.3,66,32,10.96
16,Ierapetra,GR,2021-10-27 22:24:42,35.01,25.7353,64.15,71,98,8.01
17,Hilo,US,2021-10-27 22:21:16,19.7297,-155.09,81.25,68,20,6.91
18,Fortuna,US,2021-10-27 22:23:04,40.5982,-124.1573,70.36,67,75,3.0
19,Klaksvik,FO,2021-10-27 22:24:43,62.2266,-6.589,45.52,90,100,27.0
20,Mahajanga,MG,2021-10-27 22:24:43,-15.7167,46.3167,78.82,78,40,8.05
21,Shimoda,JP,2021-10-27 22:24:22,34.6667,138.95,60.1,78,94,8.23
22,Butaritari,KI,2021-10-27 22:24:44,3.0707,172.7902,80.73,76,100,9.46
23,Punta Arenas,CL,2021-10-27 22:22:12,-53.15,-70.9167,53.71,47,0,16.11
24,Rikitea,PF,2021-10-27 22:24:44,-23.1203,-134.9692,74.05,78,22,6.64
25,Mastic Beach,US,2021-10-27 22:24:45,40.7668,-72.8521,57.33,81,90,1.99
26,Puerto Ayora,EC,2021-10-27 22:24:10,-0.7393,-90.3518,75.16,91,91,3.0
27,Barcelona,ES,2021-10-27 22:24:46,41.3888,2.159,62.85,81,20,1.01
28,Saint-Francois,FR,2021-10-27 22:24:46,46.4154,3.9054,42.48,99,90,2.3
29,Hasaki,JP,2021-10-27 22:22:40,35.7333,140.8333,57.6,80,100,6.31
30,Lexington,US,2021-10-27 22:22:04,37.9887,-84.4777,57.72,59,1,1.01
31,Bengkulu,ID,2021-10-27 22:23:58,-3.8004,102.2655,76.69,83,100,3.67
32,Mataura,NZ,2021-10-27 22:24:47,-46.1927,168.8643,64.51,60,10,3.53
33,Ampanihy,MG,2021-10-27 22:24:48,-24.7,44.75,67.46,77,100,14.94
34,Masumbwe,TZ,2021-10-27 22:24:48,-3.6333,32.1833,73.6,53,86,4.83
35,Kahta,TR,2021-10-27 22:24:49,37.7855,38.6237,58.37,23,98,3.62
36,Olinda,BR,2021-10-27 22:23:53,-8.0089,-34.8553,80.33,69,40,10.36
37,Arraial Do Cabo,BR,2021-10-27 22:24:49,-22.9661,-42.0278,75.16,88,75,12.66
38,Bhikangaon,IN,2021-10-27 22:24:50,21.8667,75.95,69.17,69,11,5.23
39,Narsaq,GL,2021-10-27 22:24:50,60.9167,-46.05,30.42,65,18,7.36
40,Port-Gentil,GA,2021-10-27 22:24:50,-0.7193,8.7815,76.96,94,90,9.22
41,Serov,RU,2021-10-27 22:24:51,59.6033,60.5787,31.73,97,100,8.75
42,Jibuti,DJ,2021-10-27 22:24:51,11.5,42.5,76.42,63,6,15.03
43,Shumikha,RU,2021-10-27 22:24:52,55.2261,63.2961,31.73,80,100,10.89
44,Vaini,TO,2021-10-27 22:24:52,-21.2,-175.2,78.96,83,75,10.36
45,Hamilton,US,2021-10-27 22:20:33,39.1834,-84.5333,55.58,76,20,1.01
46,Maragogi,BR,2021-10-27 22:23:48,-9.0122,-35.2225,76.95,82,47,11.16
47,Souillac,MU,2021-10-27 22:23:26,-20.5167,57.5167,72.36,83,40,3.44
48,Bantul,ID,2021-10-27 22:24:53,-7.8881,110.3289,75.65,92,99,2.21
49,Kapaa,US,2021-10-27 22:23:09,22.0752,-159.319,82.38,75,20,5.01
50,Nizhniy Kuranakh,RU,2021-10-27 22:24:53,58.8353,125.4869,33.3,79,100,8.21
51,Xichang,CN,2021-10-27 22:24:54,27.8964,102.2634,55.92,85,92,2.59
52,Charters Towers,AU,2021-10-27 22:24:54,-20.1,146.2667,78.93,59,3,16.93
53,Le Port,RE,2021-10-27 22:24:55,-20.9373,55.2919,69.8,79,27,7.54
54,Tecoanapa,MX,2021-10-27 22:24:15,16.5167,-98.75,84.45,73,38,7.85
55,Saint-Philippe,RE,2021-10-27 22:22:00,-21.3585,55.7679,69.39,79,34,8.97
56,Yellowknife,CA,2021-10-27 22:20:25,62.456,-114.3525,39.42,99,75,5.75
57,Tual,ID,2021-10-27 22:24:56,-5.6667,132.75,83.73,77,63,11.27
58,Riyadh,SA,2021-10-27 22:24:34,24.6877,46.7219,78.94,24,41,10.56
59,Kodiak,US,2021-10-27 22:20:21,57.79,-152.4072,44.11,45,1,9.22
60,Hobart,AU,2021-10-27 22:24:57,-42.8794,147.3294,67.12,65,20,1.99
61,Aripuana,BR,2021-10-27 22:24:57,-9.1667,-60.6333,76.01,90,100,1.5
62,Deputatskiy,RU,2021-10-27 22:24:58,69.3,139.9,1.18,98,100,2.35
63,East London,ZA,2021-10-27 22:23:38,-33.0153,27.9116,67.28,82,100,21.25
64,Dikson,RU,2021-10-27 22:22:02,73.5069,80.5464,5.86,93,50,4.52
65,Clyde River,CA,2021-10-27 22:23:35,70.4692,-68.5914,32.23,100,90,6.91
66,Nikolskoye,RU,2021-10-27 22:24:14,59.7035,30.7861,45.88,93,100,8.68
67,Lavrentiya,RU,2021-10-27 22:24:59,65.5833,-171.0,14.95,72,49,7.63
68,Touros,BR,2021-10-27 22:22:03,-5.1989,-35.4608,79.7,76,4,16.75
69,Mapastepec,MX,2021-10-27 22:24:59,15.4333,-92.9,84.06,81,70,5.08
70,Cape Town,ZA,2021-10-27 22:21:56,-33.9258,18.4232,63.09,83,75,1.01
71,Gewane,ET,2021-10-27 22:25:00,10.1664,40.6453,79.45,32,3,5.59
72,Sobolevo,RU,2021-10-27 22:25:01,54.4299,31.8996,43.5,90,97,14.72
73,Georgetown,MY,2021-10-27 22:25:02,5.4112,100.3354,80.89,91,40,3.44
74,Tuatapere,NZ,2021-10-27 22:22:14,-46.1333,167.6833,63.07,64,6,1.92
75,Pacific Grove,US,2021-10-27 22:25:03,36.6177,-121.9166,77.58,73,1,4.0
76,Tanabe,JP,2021-10-27 22:25:03,33.7333,135.3667,58.28,78,0,9.93
77,Morondava,MG,2021-10-27 22:25:04,-20.2833,44.2833,72.95,82,0,13.67
78,Khatanga,RU,2021-10-27 22:23:52,71.9667,102.5,3.76,94,100,11.86
79,Cidreira,BR,2021-10-27 22:24:46,-30.1811,-50.2056,69.03,82,0,10.67
80,Celestun,MX,2021-10-27 22:25:05,20.8667,-90.4,88.16,62,14,6.64
81,Nantucket,US,2021-10-27 22:21:07,41.2835,-70.0995,52.97,90,100,44.13
82,Bluff,NZ,2021-10-27 22:22:38,-46.6,168.3333,57.6,70,8,5.44
83,Taoudenni,ML,2021-10-27 22:25:06,22.6783,-3.9836,85.91,14,94,17.92
84,Santo Antonio Do Taua,BR,2021-10-27 22:25:07,-1.1519,-48.1294,82.35,91,99,3.69
85,Rawson,AR,2021-10-27 22:25:07,-43.3002,-65.1023,78.1,27,1,23.11
86,Vila Franca Do Campo,PT,2021-10-27 22:25:08,37.7167,-25.4333,66.61,86,100,9.13
87,La Rioja,ES,2021-10-27 22:25:08,42.25,-2.5,46.04,60,6,4.9
88,Ust-Kuyga,RU,2021-10-27 22:25:09,70.0167,135.6,1.96,99,94,3.2
89,Verkhoyansk,RU,2021-10-27 22:25:09,67.5447,133.385,1.38,99,90,0.87
90,Mazamari,PE,2021-10-27 22:25:10,-11.3258,-74.5308,80.67,62,88,0.45
91,Togur,RU,2021-10-27 22:21:16,58.3631,82.8265,24.51,91,29,6.53
92,Pochutla,MX,2021-10-27 22:25:11,15.7432,-96.4661,89.82,66,54,9.17
93,Hermanus,ZA,2021-10-27 22:22:10,-34.4187,19.2345,63.81,92,91,3.49
94,Castro,BR,2021-10-27 22:23:32,-24.7911,-50.0119,62.91,97,100,7.02
95,Kuala Terengganu,MY,2021-10-27 22:25:11,5.3302,103.1408,76.95,100,20,1.14
96,Buraydah,SA,2021-10-27 22:25:12,26.326,43.975,75.65,16,99,7.63
97,Cabo San Lucas,MX,2021-10-27 22:24:43,22.8909,-109.9124,87.62,57,20,8.05
98,Iqaluit,CA,2021-10-27 22:25:13,63.7506,-68.5145,28.13,92,40,4.0
99,Carutapera,BR,2021-10-27 22:25:13,-1.195,-46.02,79.63,77,75,7.31
100,Saskylakh,RU,2021-10-27 22:25:13,71.9167,114.0833,-7.35,100,100,2.95
101,Bukachacha,RU,2021-10-27 22:25:14,52.9833,116.9167,30.31,75,93,1.5
102,Ponta Do Sol,PT,2021-10-27 22:23:39,32.6667,-17.1,70.0,69,5,2.44
103,Tuktoyaktuk,CA,2021-10-27 22:25:14,69.4541,-133.0374,30.2,100,90,4.61
104,Mount Gambier,AU,2021-10-27 22:23:23,-37.8333,140.7667,55.31,94,90,9.22
105,Khorinsk,RU,2021-10-27 22:25:15,52.1657,109.7726,32.43,71,86,1.57
106,Hirara,JP,2021-10-27 22:25:15,24.8,125.2833,73.26,73,20,6.91
107,Katsuura,JP,2021-10-27 22:23:39,35.1333,140.3,61.2,86,100,6.91
108,Hope,US,2021-10-27 22:22:44,33.6671,-93.5916,69.85,88,100,10.65
109,Otradnoye,RU,2021-10-27 22:25:16,59.7775,30.8181,47.03,93,100,8.52
110,Lasa,IT,2021-10-27 22:24:55,46.6166,10.7002,41.88,47,1,2.21
111,Wuwei,CN,2021-10-27 22:25:17,37.9281,102.6414,39.06,50,6,1.92
112,Nanpiao,CN,2021-10-27 22:25:17,41.0982,120.7479,47.73,45,0,3.09
113,Yumen,CN,2021-10-27 22:25:18,40.2833,97.2,41.04,45,3,13.38
114,Sao Jose Do Rio Pardo,BR,2021-10-27 22:22:57,-21.5956,-46.8886,70.36,98,100,3.06
115,Calabar,NG,2021-10-27 22:25:18,4.9517,8.322,75.07,91,89,2.66
116,Atuona,PF,2021-10-27 22:25:19,-9.8,-139.0333,77.58,69,9,14.25
117,Kardla,EE,2021-10-27 22:25:19,58.9978,22.7492,48.06,84,47,12.8
118,Gardendale,US,2021-10-27 22:25:19,33.6601,-86.8128,71.96,54,40,6.91
119,Naryan-Mar,RU,2021-10-27 22:25:20,67.6713,53.087,20.43,86,100,11.39
120,Yarkovo,RU,2021-10-27 22:25:20,57.4028,67.0786,32.02,87,100,9.4
121,Kalikapur,IN,2021-10-27 22:25:21,22.6167,86.2833,71.44,80,30,2.04
122,Mar Del Plata,AR,2021-10-27 22:25:21,-38.0023,-57.5575,68.02,87,0,4.0
123,Biak,ID,2021-10-27 22:25:21,-0.9131,122.8766,77.05,82,7,1.14
124,Beringovskiy,RU,2021-10-27 22:23:57,63.05,179.3167,8.29,82,73,14.83
125,Russell,US,2021-10-27 22:25:22,32.3502,-85.1999,73.0,68,75,0.0
126,New Norfolk,AU,2021-10-27 22:25:22,-42.7826,147.0587,66.76,47,13,1.86
127,Valparaiso,CL,2021-10-27 22:24:52,-33.0393,-71.6273,62.83,71,0,6.91
128,Kendari,ID,2021-10-27 22:25:23,-3.945,122.4989,76.86,91,47,1.39
129,Arari,BR,2021-10-27 22:25:24,-3.4536,-44.78,79.92,73,40,5.39
130,Nome,US,2021-10-27 22:25:24,64.5011,-165.4064,23.16,63,20,8.05
131,Richards Bay,ZA,2021-10-27 22:25:25,-28.783,32.0377,66.13,82,100,5.66
132,San Quintin,MX,2021-10-27 22:25:25,30.4833,-115.95,72.1,46,0,9.42
133,Jamame,SO,2021-10-27 22:25:26,0.0722,42.7506,77.49,84,6,8.99
134,Avarua,CK,2021-10-27 22:25:26,-21.2078,-159.775,77.05,69,75,10.36
135,Amboasary,MG,2021-10-27 22:25:27,-25.0333,46.3833,71.44,81,81,15.52
136,Flinders,AU,2021-10-27 22:25:27,-34.5833,150.8552,76.05,77,71,0.96
137,Sarangani,PH,2021-10-27 22:25:28,5.4033,125.4636,83.19,73,97,7.52
138,Domoni,KM,2021-10-27 22:25:28,-12.2569,44.5319,76.96,78,3,3.76
139,Airai,TL,2021-10-27 22:22:24,-8.9266,125.4092,63.0,77,93,2.19
140,Naantali,FI,2021-10-27 22:25:29,60.4674,22.0243,47.1,100,0,6.91
141,Pasinler,TR,2021-10-27 22:25:29,39.9803,41.6764,23.99,36,0,1.57
142,Lebu,CL,2021-10-27 22:25:30,-37.6167,-73.65,55.62,79,53,12.88
143,Erzincan,TR,2021-10-27 22:25:30,39.75,39.5,27.7,69,0,1.14
144,Qaanaaq,GL,2021-10-27 22:25:31,77.484,-69.3632,20.88,94,100,11.23
145,Longyearbyen,SJ,2021-10-27 22:23:56,78.2186,15.6401,22.84,68,75,9.22
146,Palmer,US,2021-10-27 22:22:13,42.1584,-72.3287,54.09,83,90,0.0
147,Husavik,IS,2021-10-27 22:24:17,66.0449,-17.3389,35.51,98,100,5.79
148,Bridgetown,BB,2021-10-27 22:22:20,13.1,-59.6167,81.09,74,40,12.66
149,Codrington,AU,2021-10-27 22:23:55,-38.2667,141.9667,57.06,88,97,9.22
150,Pisco,PE,2021-10-27 22:24:56,-13.7,-76.2167,66.25,68,0,18.41
151,Korla,CN,2021-10-27 22:25:32,41.7597,86.1469,46.31,45,6,1.95
152,Bredasdorp,ZA,2021-10-27 22:25:32,-34.5322,20.0403,63.28,94,87,4.61
153,North Bend,US,2021-10-27 22:25:33,43.4065,-124.2243,67.95,83,90,10.36
154,Ostrovnoy,RU,2021-10-27 22:24:29,68.0531,39.5131,31.62,66,99,16.08
155,Bindura,ZW,2021-10-27 22:25:33,-17.3019,31.3306,67.01,71,19,4.27
156,Sao Filipe,CV,2021-10-27 22:25:34,14.8961,-24.4956,79.11,77,92,9.73
157,Roebourne,AU,2021-10-27 22:25:34,-20.7833,117.1333,73.69,30,4,8.46
158,Tiznit,MA,2021-10-27 22:24:48,29.5833,-9.5,59.16,77,4,1.79
159,Kutum,SD,2021-10-27 22:25:35,14.2,24.6667,73.31,17,5,11.54
160,Bethel,US,2021-10-27 22:21:58,41.3712,-73.414,55.72,82,90,5.75
161,Chuy,UY,2021-10-27 22:25:35,-33.6971,-53.4616,68.18,73,0,6.06
162,Biltine,TD,2021-10-27 22:25:36,14.5333,20.9167,83.28,17,0,8.23
163,Padang,ID,2021-10-27 22:22:50,-0.9492,100.3543,75.97,77,91,4.29
164,Charlottesville,US,2021-10-27 22:25:37,38.0293,-78.4767,67.62,72,0,4.0
165,Tiksi,RU,2021-10-27 22:23:28,71.6872,128.8694,3.88,99,80,4.52
166,Esperance,AU,2021-10-27 22:25:37,-33.8667,121.9,49.84,66,86,24.07
167,Ust-Abakan,RU,2021-10-27 22:25:38,53.8525,91.3742,17.51,79,0,2.24
168,Springbok,ZA,2021-10-27 22:25:38,-29.6643,17.8865,68.88,35,98,12.33
169,Yaounde,CM,2021-10-27 22:25:39,3.8667,11.5167,72.93,88,75,0.0
170,Presidente Medici,BR,2021-10-27 22:25:39,-11.1753,-61.9014,81.43,64,80,4.18
171,Sesheke,ZM,2021-10-27 22:25:39,-17.4759,24.2968,78.78,40,59,7.11
172,Tazovskiy,RU,2021-10-27 22:25:40,67.4667,78.7,2.17,95,72,6.58
173,Provideniya,RU,2021-10-27 22:25:40,64.3833,-173.3,19.51,68,90,8.95
174,Luderitz,NA,2021-10-27 22:25:41,-26.6481,15.1594,65.62,62,100,4.63
175,Uyemskiy,RU,2021-10-27 22:25:41,64.4743,40.8524,26.65,80,75,6.71
176,Egvekinot,RU,2021-10-27 22:25:42,66.3167,-179.1667,2.5,89,97,3.94
177,Ndago,TZ,2021-10-27 22:25:42,-4.6,34.35,69.71,49,38,12.57
178,Victoria,HK,2021-10-27 22:23:53,22.2855,114.1577,77.38,82,82,3.0
179,Omsukchan,RU,2021-10-27 22:23:19,62.5333,155.8,1.85,98,99,5.59
180,Gujar Khan,PK,2021-10-27 22:25:43,33.2558,73.3026,58.62,52,0,5.61
181,Maldonado,UY,2021-10-27 22:23:26,-34.6667,-54.9167,74.59,76,0,4.88
182,Neuquen,AR,2021-10-27 22:22:26,-38.9516,-68.0591,85.89,28,0,0.0
183,Leningradskiy,RU,2021-10-27 22:22:17,69.3833,178.4167,10.42,92,100,20.42
184,Kaoma,ZM,2021-10-27 22:25:44,-14.7833,24.8,75.96,38,58,10.22
185,Adrar,MR,2021-10-27 22:25:44,20.5022,-10.0711,72.01,49,39,11.86
186,Palombara Sabina,IT,2021-10-27 22:25:45,42.0667,12.768,56.28,76,86,3.53
187,Vangaindrano,MG,2021-10-27 22:24:30,-23.35,47.6,71.38,90,15,1.97
188,Bambous Virieux,MU,2021-10-27 22:25:45,-20.3428,57.7575,72.21,83,40,3.44
189,Torbay,CA,2021-10-27 22:25:46,47.6666,-52.7314,41.29,90,90,9.22
190,Chaman,PK,2021-10-27 22:25:46,30.9236,66.4512,52.29,17,0,3.56
191,Ribeira Grande,PT,2021-10-27 22:25:47,38.5167,-28.7,66.6,82,40,10.36
192,Lodwar,KE,2021-10-27 22:25:47,3.1191,35.5973,85.37,41,14,17.16
193,Bathsheba,BB,2021-10-27 22:25:48,13.2167,-59.5167,81.21,74,40,12.66
194,Nawabganj,BD,2021-10-27 22:25:48,24.5911,88.271,71.38,80,0,5.97
195,Isangel,VU,2021-10-27 22:25:49,-19.55,169.2667,84.31,74,100,4.61
196,Saravan,AM,2021-10-27 22:25:49,39.7196,45.6483,21.85,31,0,4.27
197,Caravelas,BR,2021-10-27 22:25:50,-17.7125,-39.2481,75.24,78,11,8.43
198,Cherskiy,RU,2021-10-27 22:22:30,68.75,161.3,-18.06,97,7,5.53
199,Olutanga,PH,2021-10-27 22:25:50,7.3106,122.8464,79.77,80,100,7.16
200,Port Macquarie,AU,2021-10-27 22:25:51,-31.4333,152.9167,76.89,67,79,4.7
201,Namie,JP,2021-10-27 22:25:51,37.4833,141.0,54.14,91,75,3.62
202,Acarau,BR,2021-10-27 22:25:52,-2.8856,-40.12,80.29,79,33,15.95
203,Sao Mateus,BR,2021-10-27 22:25:52,-18.7161,-39.8589,73.56,82,59,5.86
204,Moses Lake,US,2021-10-27 22:22:03,47.1301,-119.2781,56.08,47,90,17.27
205,Ca Mau,VN,2021-10-27 22:25:53,9.1769,105.15,75.38,94,100,2.48
206,Semirom,IR,2021-10-27 22:25:53,31.4167,51.5667,38.44,35,16,1.86
207,Aginskoye,RU,2021-10-27 22:25:54,51.1,114.53,33.67,67,9,1.19
208,Petropavlovsk-Kamchatskiy,RU,2021-10-27 22:25:55,53.0452,158.6483,30.79,93,0,4.47
209,Geraldton,AU,2021-10-27 22:25:55,-28.7667,114.6,52.21,93,99,4.61
210,Constitucion,CL,2021-10-27 22:25:55,-35.3333,-72.4167,60.24,74,20,13.71
211,Sredneuralsk,RU,2021-10-27 22:25:56,56.9892,60.4666,34.95,80,100,10.38
212,Bandundu,CD,2021-10-27 22:25:56,-3.3167,17.3667,70.23,96,82,2.95
213,Axim,GH,2021-10-27 22:25:57,4.8699,-2.2405,78.31,86,30,7.92
214,Sao Jose Da Coroa Grande,BR,2021-10-27 22:25:57,-8.8978,-35.1478,76.84,82,37,11.18
215,Acapulco,MX,2021-10-27 22:22:19,16.8634,-99.8901,85.82,74,1,8.05
216,Port Blair,IN,2021-10-27 22:25:58,11.6667,92.75,81.05,82,86,9.6
217,Gigmoto,PH,2021-10-27 22:25:58,13.7796,124.39,80.42,82,78,8.5
218,Selma,US,2021-10-27 22:25:58,36.5708,-119.6121,72.03,59,2,4.45
219,Vila Velha,BR,2021-10-27 22:24:50,-20.3297,-40.2925,76.95,83,75,9.22
220,Norman Wells,CA,2021-10-27 22:25:59,65.282,-126.8329,23.04,86,75,6.91
221,Mana,GF,2021-10-27 22:25:59,5.6592,-53.7767,79.48,86,24,10.6
222,Codajas,BR,2021-10-27 22:26:00,-3.8367,-62.0569,75.25,96,96,2.91
223,Kenai,US,2021-10-27 22:24:52,60.5544,-151.2583,36.14,68,90,4.61
224,Vao,NC,2021-10-27 22:26:00,-22.6667,167.4833,72.39,86,6,14.2
225,Hithadhoo,MV,2021-10-27 22:23:48,-0.6,73.0833,80.85,77,27,15.48
226,Abay,KZ,2021-10-27 22:26:01,49.6311,72.8539,12.58,54,1,4.23
227,Huancabamba,PE,2021-10-27 22:26:02,-5.2386,-79.4506,64.51,86,100,2.24
228,Bilma,NE,2021-10-27 22:26:02,18.6853,12.9164,81.68,16,1,4.65
229,Huambo,AO,2021-10-27 22:25:31,-12.7761,15.7392,64.13,78,100,1.9
230,Hami,CN,2021-10-27 22:26:03,42.8,93.45,47.01,36,1,2.95
231,Soyo,AO,2021-10-27 22:26:04,-6.1349,12.3689,76.3,82,96,5.73
232,Elat,IL,2021-10-27 22:26:04,29.5581,34.9482,76.84,44,0,16.11
233,Te Anau,NZ,2021-10-27 22:26:04,-45.4167,167.7167,57.76,73,63,1.72
234,Necochea,AR,2021-10-27 22:26:05,-38.5473,-58.7368,70.3,74,0,10.78
235,Galveston,US,2021-10-27 22:26:05,29.3669,-94.9669,79.95,47,32,3.0
236,Bonthe,SL,2021-10-27 22:26:06,7.5264,-12.505,80.56,80,83,6.93
237,Comodoro Rivadavia,AR,2021-10-27 22:26:06,-45.8667,-67.5,75.06,19,0,27.63
238,Bonavista,CA,2021-10-27 22:26:06,48.6499,-53.1147,41.11,63,100,13.11
239,Mantua,IT,2021-10-27 22:26:07,45.1667,10.7833,51.82,62,4,2.68
240,Enzan,JP,2021-10-27 22:26:07,35.7,138.7333,52.63,91,22,2.39
241,Tasiilaq,GL,2021-10-27 22:26:08,65.6145,-37.6368,32.16,66,34,4.92
242,Olafsvik,IS,2021-10-27 22:26:08,64.8945,-23.7142,39.47,93,100,27.6
243,Sioux Lookout,CA,2021-10-27 22:26:09,50.1001,-91.917,50.07,62,90,6.91
244,Severo-Kurilsk,RU,2021-10-27 22:23:28,50.6789,156.125,43.32,93,100,7.0
245,Kruisfontein,ZA,2021-10-27 22:23:56,-34.0033,24.7314,64.18,85,100,5.28
246,Thai Binh,VN,2021-10-27 22:26:09,20.45,106.3333,71.6,83,100,5.82
247,Filadelfia,US,2021-10-27 22:25:49,39.9523,-75.1638,65.21,68,75,1.99
248,Otavi,NA,2021-10-27 22:26:10,-19.65,17.3333,68.04,79,99,15.1
249,Koygorodok,RU,2021-10-27 22:26:10,60.445,50.9968,33.51,98,100,7.23
250,Mount Isa,AU,2021-10-27 22:26:11,-20.7333,139.5,83.97,61,90,8.05
251,Opuwo,NA,2021-10-27 22:26:11,-18.0607,13.84,70.47,29,59,2.01
252,Bucak,TR,2021-10-27 22:26:12,37.4592,30.595,55.44,73,13,3.91
253,Chokurdakh,RU,2021-10-27 22:26:12,70.6333,147.9167,3.07,91,100,4.81
254,Kaitangata,NZ,2021-10-27 22:22:55,-46.2817,169.8464,61.88,65,5,4.76
255,Bar Harbor,US,2021-10-27 22:26:13,44.3876,-68.2039,51.03,75,90,18.99
256,Shenkursk,RU,2021-10-27 22:26:13,62.1091,42.896,37.24,88,100,10.07
257,Nardaran,AZ,2021-10-27 22:26:14,40.5561,50.0056,49.64,87,75,2.3
258,Srednekolymsk,RU,2021-10-27 22:25:14,67.45,153.6833,-9.78,99,65,2.68
259,Zabid,YE,2021-10-27 22:26:14,14.1951,43.3152,84.09,50,13,6.69
260,Umm Lajj,SA,2021-10-27 22:26:15,25.0213,37.2685,79.57,59,0,5.3
261,Ostersund,SE,2021-10-27 22:26:15,63.1792,14.6357,45.05,70,73,10.36
262,Los Llanos De Aridane,ES,2021-10-27 22:26:16,28.6585,-17.9182,65.95,71,0,1.01
263,Duncan,US,2021-10-27 22:26:16,34.5023,-97.9578,64.62,57,90,17.27
264,Glendive,US,2021-10-27 22:26:17,47.1053,-104.7125,60.69,37,1,21.85
265,Aykhal,RU,2021-10-27 22:25:33,66.0,111.5,15.87,88,100,23.85
266,Namibe,AO,2021-10-27 22:24:20,-15.1961,12.1522,65.55,76,29,9.82
267,Port Elizabeth,ZA,2021-10-27 22:24:04,-33.918,25.5701,64.69,88,0,13.8
268,Bangangte,CM,2021-10-27 22:26:18,5.1409,10.5198,61.41,95,55,3.11
269,Margate,GB,2021-10-27 22:26:18,51.3813,1.3862,56.88,86,85,4.0
270,Naranjal,EC,2021-10-27 22:26:18,-2.6667,-79.6167,83.53,72,100,6.76
271,Alice Springs,AU,2021-10-27 22:26:19,-23.7,133.8833,85.55,37,17,16.11
272,Noyabrsk,RU,2021-10-27 22:26:19,63.1994,75.4507,9.66,96,65,5.59
273,Bignona,SN,2021-10-27 22:26:20,12.8103,-16.2264,82.44,87,75,5.23
274,Minas,UY,2021-10-27 22:23:26,-34.3759,-55.2377,73.87,66,0,2.75
275,Saint-Augustin,CA,2021-10-27 22:26:20,51.226,-58.6502,39.49,76,6,3.06
276,Kenora,CA,2021-10-27 22:26:18,49.8167,-94.4337,44.58,93,90,8.05
277,Hambantota,LK,2021-10-27 22:22:23,6.1241,81.1185,78.19,79,100,7.11
278,Luau,AO,2021-10-27 22:26:21,-10.7073,22.2247,70.95,68,91,3.29
279,Dejen,ET,2021-10-27 22:26:22,10.1667,38.1333,55.98,64,80,1.54
280,Hobyo,SO,2021-10-27 22:26:22,5.3505,48.5268,80.29,78,8,7.07
281,Honiara,SB,2021-10-27 22:26:23,-9.4333,159.95,84.22,71,29,7.11
282,Babushkin,RU,2021-10-27 22:26:23,51.7122,105.8647,41.95,76,61,7.16
283,Mahebourg,MU,2021-10-27 22:26:24,-20.4081,57.7,72.25,83,40,3.44
284,Klyuchi,RU,2021-10-27 22:26:24,52.2667,79.1667,28.45,49,100,5.06
285,Gorno-Altaysk,RU,2021-10-27 22:26:25,51.9561,85.955,30.76,98,100,0.56
286,Tamiahua,MX,2021-10-27 22:26:25,21.2667,-97.45,88.93,68,14,7.56
287,Zaysan,KZ,2021-10-27 22:26:25,47.4667,84.8667,45.03,60,97,2.62
288,Bumba,CD,2021-10-27 22:26:26,2.1833,22.4667,71.26,96,84,0.43
289,Oussouye,SN,2021-10-27 22:26:26,12.485,-16.5469,82.58,76,100,3.36
290,Merauke,ID,2021-10-27 22:26:27,-8.4667,140.3333,82.27,72,65,11.97
291,Kavaratti,IN,2021-10-27 22:26:27,10.5669,72.642,80.38,78,100,5.32
292,Coihaique,CL,2021-10-27 22:26:28,-45.5752,-72.0662,58.95,47,75,10.36
293,Saldanha,ZA,2021-10-27 22:26:28,-33.0117,17.9442,60.85,96,90,8.52
294,Nouadhibou,MR,2021-10-27 22:26:29,20.931,-17.0347,68.81,84,23,16.96
295,Carnarvon,AU,2021-10-27 22:26:29,-24.8667,113.6333,60.87,55,75,10.36
296,Dzilam Gonzalez,MX,2021-10-27 22:26:30,21.2833,-88.9333,93.42,47,42,5.77
297,Chivilcoy,AR,2021-10-27 22:26:30,-34.8957,-60.0167,88.02,10,5,8.01
298,Zhigansk,RU,2021-10-27 22:26:31,66.7697,123.3711,20.05,94,100,23.91
299,Saint George,US,2021-10-27 22:26:31,37.1041,-113.5841,72.63,31,1,4.0
300,Kiama,AU,2021-10-27 22:26:32,-34.6833,150.8667,76.24,68,69,0.96
301,Lagoa,PT,2021-10-27 22:26:32,39.05,-27.9833,67.05,71,94,21.72
302,Nago,JP,2021-10-27 22:26:33,26.5881,127.9761,73.56,63,14,10.76
303,Havoysund,NO,2021-10-27 22:26:33,70.9963,24.6622,29.28,70,19,21.97
304,Vondrozo,MG,2021-10-27 22:26:33,-22.8167,47.2833,64.63,95,6,2.89
305,Port Hardy,CA,2021-10-27 22:22:39,50.6996,-127.4199,50.18,87,75,11.5
306,Boende,CD,2021-10-27 22:26:34,-0.2167,20.8667,70.81,99,99,2.28
307,Thompson,CA,2021-10-27 22:22:01,55.7435,-97.8558,41.16,100,90,3.44
308,Gat,IL,2021-10-27 22:26:02,31.61,34.7642,68.4,61,0,5.99
309,La Macarena,CO,2021-10-27 22:26:35,2.1837,-73.7849,71.62,99,100,1.19
310,Washington,US,2021-10-27 22:25:44,47.5001,-120.5015,56.57,50,85,3.38
311,Liliani,PK,2021-10-27 22:26:36,32.2065,72.9537,66.85,38,0,2.84
312,Eureka,US,2021-10-27 22:26:36,40.8021,-124.1637,71.64,76,96,3.0
313,Kodinsk,RU,2021-10-27 22:26:36,58.6881,99.1844,25.21,64,74,9.98
314,Rio Grande,BR,2021-10-27 22:26:37,-32.035,-52.0986,70.12,81,0,7.63
315,Milkovo,RU,2021-10-27 22:26:38,54.7167,158.6167,31.1,95,100,1.16
316,Vardo,NO,2021-10-27 22:23:21,70.3705,31.1107,34.48,53,100,14.85
317,Varzea Grande,BR,2021-10-27 22:26:38,-15.6467,-56.1325,80.47,69,75,6.91
318,La Ronge,CA,2021-10-27 22:26:39,55.1001,-105.2842,41.25,87,90,2.3
319,Evensk,RU,2021-10-27 22:25:03,61.95,159.2333,8.96,83,100,6.46
320,Birin,NP,2021-10-27 22:26:39,26.8865,88.0718,52.25,83,4,5.23
321,Casino,AU,2021-10-27 22:26:40,-28.8667,153.05,80.55,65,0,14.97
322,Colares,PT,2021-10-27 22:26:40,38.7992,-9.4469,66.33,51,0,3.0
323,Rafsanjan,IR,2021-10-27 22:26:41,30.4067,55.9939,54.19,33,51,5.46
324,Stephenville,US,2021-10-27 22:26:41,32.2207,-98.2023,70.14,39,40,20.71
325,Udachnyy,RU,2021-10-27 22:26:42,66.4167,112.4,18.12,82,100,20.4
326,Zeya,RU,2021-10-27 22:26:42,53.75,127.2667,30.02,82,25,1.1
327,Fukue,JP,2021-10-27 22:23:05,32.6881,128.8419,67.01,60,6,12.12
328,Asyut,EG,2021-10-27 22:26:43,27.181,31.1837,75.9,26,0,1.74
329,Kahului,US,2021-10-27 22:24:21,20.8947,-156.47,85.26,64,20,23.02
330,Cairns,AU,2021-10-27 22:26:43,-16.9167,145.7667,83.1,72,75,8.05
331,Aksu,CN,2021-10-27 22:26:44,41.1231,80.2644,48.24,40,56,3.71
332,Bandeirantes,BR,2021-10-27 22:26:44,-23.11,-50.3675,72.09,84,100,9.06
333,Tura,IN,2021-10-27 22:26:45,25.5198,90.2201,66.36,94,1,3.89
334,Kupang,ID,2021-10-27 22:26:45,-10.1667,123.5833,81.18,83,20,5.75
335,Hualmay,PE,2021-10-27 22:26:46,-11.0964,-77.6139,66.85,75,35,10.8
336,Novobirilyussy,RU,2021-10-27 22:26:46,56.9514,90.6661,28.4,63,100,7.61
337,Abu Dhabi,AE,2021-10-27 22:26:46,24.4667,54.3667,80.62,69,0,3.44
338,Gornopravdinsk,RU,2021-10-27 22:22:08,60.05,69.9,26.51,96,100,7.99
339,Ruidoso,US,2021-10-27 22:25:33,33.3317,-105.673,57.06,19,1,1.01
340,Kholodnyy,RU,2021-10-27 22:26:47,62.7167,147.95,-5.91,99,77,0.29
341,Yamada,JP,2021-10-27 22:26:48,39.4667,141.95,55.87,82,25,5.53
342,Changping,CN,2021-10-27 22:26:48,40.2186,116.2197,46.04,33,100,4.45
343,Mao,ES,2021-10-27 22:25:33,39.8885,4.2658,59.56,82,20,6.91
344,Macamic,CA,2021-10-27 22:26:49,48.7502,-78.9996,41.23,65,97,6.15
345,Fare,PF,2021-10-27 22:26:31,-16.7,-151.0167,79.25,77,44,6.58
346,Arlit,NE,2021-10-27 22:26:49,18.7369,7.3853,86.22,12,3,7.29
347,Mecca,SA,2021-10-27 22:26:50,21.4267,39.8261,79.48,61,52,0.94
348,Shaki,AZ,2021-10-27 22:26:50,41.0833,47.1667,38.19,68,0,3.04
349,Chifeng,CN,2021-10-27 22:26:51,42.2683,118.9636,41.16,48,0,2.59
350,Shache,CN,2021-10-27 22:26:51,38.4167,77.2406,47.86,36,27,3.87
351,Turka,UA,2021-10-27 22:26:52,49.1541,23.0297,41.94,81,74,3.91
352,Xiuyan,CN,2021-10-27 22:26:52,40.2928,123.2744,44.8,65,0,3.56
353,Ozinki,RU,2021-10-27 22:26:52,51.1786,49.6769,36.41,49,9,15.79
354,Namatanai,PG,2021-10-27 22:26:53,-3.6667,152.4333,83.44,71,42,5.77
355,Kavieng,PG,2021-10-27 22:24:34,-2.5744,150.7967,83.14,76,45,12.59
356,Mamallapuram,IN,2021-10-27 22:26:53,12.6264,80.1722,80.65,79,100,10.54
357,Orchard Homes,US,2021-10-27 22:26:54,46.8633,-114.0484,48.6,51,90,3.0
358,Natchez,US,2021-10-27 22:26:54,31.5604,-91.4032,71.26,97,75,8.05
359,Hinton,CA,2021-10-27 22:26:55,53.4001,-117.5857,47.1,38,21,12.97
360,Great Yarmouth,GB,2021-10-27 22:22:57,52.6083,1.7305,56.95,86,53,18.23
361,Fairbanks,US,2021-10-27 22:26:12,64.8378,-147.7164,28.36,88,90,1.01
362,Gizo,SB,2021-10-27 22:22:24,-8.103,156.8419,83.44,73,22,8.41
363,Bandarbeyla,SO,2021-10-27 22:26:56,9.4942,50.8122,77.47,72,7,6.58
364,San Patricio,US,2021-10-27 22:23:30,28.017,-97.5169,88.21,17,0,23.4
365,Tabou,CI,2021-10-27 22:26:56,4.423,-7.3528,77.81,87,73,7.11
366,Broome,US,2021-10-27 22:24:40,42.2506,-75.833,52.99,77,1,1.01
367,Agucadoura,PT,2021-10-27 22:26:57,41.4318,-8.7804,63.32,64,26,1.81
368,Qasigiannguit,GL,2021-10-27 22:26:58,68.8193,-51.1922,17.85,73,100,2.51
369,Raudeberg,NO,2021-10-27 22:26:58,61.9875,5.1352,53.96,91,94,8.99
370,Grand Gaube,MU,2021-10-27 22:26:58,-20.0064,57.6608,72.37,72,8,3.0
371,Northam,GB,2021-10-27 22:26:59,51.0333,-4.2167,59.4,83,88,23.49
372,Luan,CH,2021-10-27 22:26:59,46.3592,6.9759,41.56,85,0,4.41
373,Pangnirtung,CA,2021-10-27 22:24:08,66.1451,-65.7125,30.2,80,75,3.44
374,Manzanillo,CU,2021-10-27 22:27:00,20.3433,-77.1167,82.63,74,92,6.11
375,Sumoto,JP,2021-10-27 22:27:01,34.35,134.9,62.6,68,0,9.55
376,Ous,RU,2021-10-27 22:27:01,60.9058,61.5186,30.34,94,100,7.7
377,Fort-Shevchenko,KZ,2021-10-27 22:27:02,44.5086,50.263,46.44,62,4,12.17
378,Les Cayes,HT,2021-10-27 22:27:03,18.2,-73.75,81.61,75,53,6.89
379,Hokitika,NZ,2021-10-27 22:27:03,-42.7167,170.9667,61.83,51,50,4.61
380,Antofagasta,CL,2021-10-27 22:25:55,-23.65,-70.4,61.88,69,6,7.31
381,Vanimo,PG,2021-10-27 22:27:04,-2.6741,141.3028,79.38,89,98,5.68
382,Vuktyl,RU,2021-10-27 22:27:04,63.8567,57.3094,31.62,98,100,12.71
383,Ilulissat,GL,2021-10-27 22:27:05,69.2167,-51.1,17.62,57,75,5.75
384,Whitehorse,CA,2021-10-27 22:24:22,60.7161,-135.0538,36.37,80,75,8.99
385,Almaznyy,RU,2021-10-27 22:27:05,48.0448,40.045,26.74,56,0,1.9
386,Luanda,AO,2021-10-27 22:24:53,-8.8368,13.2343,75.2,83,75,10.36
387,Saint Anthony,US,2021-10-27 22:27:06,45.0205,-93.218,54.55,70,90,3.0
388,San Cristobal,VE,2021-10-27 22:27:06,7.7669,-72.225,75.38,91,100,3.27
389,Chara,RU,2021-10-27 22:27:07,56.9064,118.2631,28.49,69,96,1.03
390,Nouakchott,MR,2021-10-27 22:27:07,18.0858,-15.9785,84.13,53,77,14.7
391,Kayerkan,RU,2021-10-27 22:27:07,69.3497,87.7602,-6.27,99,100,4.97
392,Ximei,CN,2021-10-27 22:27:08,24.9639,118.3794,73.94,79,97,4.38
393,Oparino,RU,2021-10-27 22:27:08,59.8518,48.2783,34.32,98,100,8.08
394,Nishihara,JP,2021-10-27 22:27:09,26.1842,127.7558,72.68,60,75,6.91
395,Cascais,PT,2021-10-27 22:27:09,38.6979,-9.4215,66.51,53,0,3.0
396,Saint-Pierre,RE,2021-10-27 22:23:41,-21.3393,55.4781,69.48,69,0,6.91
397,Nikolayevsk-Na-Amure,RU,2021-10-27 22:23:49,53.1406,140.73,36.81,99,100,3.89
398,Palembang,ID,2021-10-27 22:27:10,-2.9167,104.7458,78.89,94,20,0.0
399,Harrisburg,US,2021-10-27 22:25:44,40.2737,-76.8844,66.49,54,20,6.91
400,Berlevag,NO,2021-10-27 22:27:11,70.8578,29.0864,30.45,64,84,15.17
401,Rosetta,EG,2021-10-27 22:27:11,31.4044,30.4164,71.83,74,22,10.65
402,Ayan,RU,2021-10-27 22:23:30,56.45,138.1667,33.33,78,40,5.03
403,Campos Gerais,BR,2021-10-27 22:27:12,-21.235,-45.7586,70.41,85,100,2.57
404,Gasa,PS,2021-10-27 22:27:12,31.5,34.4667,68.92,68,0,8.68
405,Upernavik,GL,2021-10-27 22:27:13,72.7868,-56.1549,22.14,79,75,4.21
406,Roscommon,IE,2021-10-27 22:27:13,53.6333,-8.1833,54.0,96,100,7.2
407,Sao Joao Da Barra,BR,2021-10-27 22:27:14,-21.6403,-41.0511,74.05,87,68,12.59
408,Naze,JP,2021-10-27 22:24:20,28.3667,129.4833,65.32,63,0,12.53
409,Emerald,AU,2021-10-27 22:27:14,-23.5333,148.1667,81.99,48,40,10.36
410,Ternate,ID,2021-10-27 22:27:15,0.8,127.4,80.87,79,79,5.64
411,Jishu,CN,2021-10-27 22:27:15,44.3167,126.8,34.72,79,0,0.83
412,Dovers,VC,2021-10-27 22:27:16,12.8833,-61.1833,80.19,71,100,16.64
413,Copiapo,CL,2021-10-27 22:27:16,-27.3667,-70.3333,58.69,30,0,7.27
414,Winnemucca,US,2021-10-27 22:27:16,40.973,-117.7357,62.65,48,1,11.5
415,Hay River,CA,2021-10-27 22:27:17,60.8156,-115.7999,37.38,87,90,5.75
416,Kyra,RU,2021-10-27 22:27:17,49.5776,111.9753,32.85,63,25,2.98
417,Henties Bay,NA,2021-10-27 22:27:18,-22.116,14.2845,60.85,80,94,3.24
418,Gaomi,CN,2021-10-27 22:27:18,36.3833,119.7528,46.18,58,100,2.95
419,Fort Nelson,CA,2021-10-27 22:27:19,58.8053,-122.7002,31.59,93,90,4.61
420,Tigil,RU,2021-10-27 22:27:19,57.8,158.6667,30.02,97,100,2.73
421,Machiques,VE,2021-10-27 22:27:19,10.0644,-72.545,82.62,78,100,3.6
422,Pevek,RU,2021-10-27 22:27:20,69.7008,170.3133,9.19,92,100,11.25
423,Ancud,CL,2021-10-27 22:27:20,-41.8697,-73.8203,61.43,82,1,9.01
424,Sur,OM,2021-10-27 22:27:21,22.5667,59.5289,77.59,68,11,8.5
425,Praia Da Vitoria,PT,2021-10-27 22:27:21,38.7333,-27.0667,66.76,82,40,9.6
426,Georgiyevskoye,RU,2021-10-27 22:27:22,58.731,45.024,39.54,97,100,11.36
427,Bage,BR,2021-10-27 22:27:22,-31.3314,-54.1069,78.58,50,0,9.22
428,Galle,LK,2021-10-27 22:27:23,6.0367,80.217,78.24,85,100,8.52
429,Batman,TR,2021-10-27 22:27:06,37.8874,41.1322,55.2,44,0,2.3
430,Kumba,CM,2021-10-27 22:27:23,4.6363,9.4469,71.73,98,57,0.43
431,Manuk Mangkaw,PH,2021-10-27 22:27:24,4.8,119.85,82.99,70,83,5.53
432,Vestmannaeyjar,IS,2021-10-27 22:27:24,63.4427,-20.2734,43.36,72,63,12.5
433,Lompoc,US,2021-10-27 22:27:24,34.6391,-120.4579,83.12,48,1,17.27
434,Rudbar,AF,2021-10-27 22:27:25,30.15,62.6,62.65,21,4,5.17
435,Mae Ramat,TH,2021-10-27 22:27:25,16.984,98.5166,70.72,97,100,1.83
436,Pandan,PH,2021-10-27 22:27:26,14.0453,124.1694,79.66,83,58,9.66
437,Polaniec,PL,2021-10-27 22:27:26,50.4332,21.2812,46.78,79,100,6.55
438,Nieuw Amsterdam,SR,2021-10-27 22:27:27,5.8833,-55.0833,81.14,87,20,3.44
439,Miles City,US,2021-10-27 22:27:27,46.4083,-105.8406,53.51,50,20,17.27
440,Santiago De Cao,PE,2021-10-27 22:27:27,-7.9589,-79.2392,62.73,82,45,8.05
441,Ossora,RU,2021-10-27 22:27:28,59.2353,163.0719,19.6,94,98,4.32
442,Kulhudhuffushi,MV,2021-10-27 22:27:28,6.6221,73.07,80.82,74,99,5.53
443,Basco,PH,2021-10-27 22:27:29,20.4487,121.9702,80.08,68,89,22.03
444,Coquimbo,CL,2021-10-27 22:23:27,-29.9533,-71.3436,58.73,82,40,12.66
445,Cockburn Town,TC,2021-10-27 22:24:33,21.4612,-71.1419,82.36,74,75,4.61
446,Penalva,BR,2021-10-27 22:27:30,-3.2942,-45.1736,80.49,70,36,2.62
447,Calama,CL,2021-10-27 22:23:08,-22.4667,-68.9333,70.29,11,0,21.85
448,Shostka,UA,2021-10-27 22:27:30,51.863,33.4698,39.43,94,65,7.61
449,Vila,PT,2021-10-27 22:27:31,42.0304,-8.1588,52.34,87,8,3.85
450,Miracema Do Tocantins,BR,2021-10-27 22:27:31,-9.5618,-48.3967,86.92,37,24,2.37
451,Boyolangu,ID,2021-10-27 22:27:32,-8.1181,111.8935,75.52,92,100,1.95
452,Pemangkat,ID,2021-10-27 22:27:33,1.1667,108.9667,77.85,87,100,4.21
453,Cornwall,CA,2021-10-27 22:27:05,45.0181,-74.7281,52.72,61,1,3.44
454,Hearst,CA,2021-10-27 22:27:33,49.6835,-83.6665,43.05,86,95,4.16
455,Kundiawa,PG,2021-10-27 22:27:34,-6.0167,144.9667,68.99,79,36,1.3
456,Manaus,BR,2021-10-27 22:26:02,-3.1019,-60.025,75.69,94,75,6.91
457,Malinao,PH,2021-10-27 22:27:34,7.5917,124.6889,67.35,93,95,2.8
458,Makinsk,KZ,2021-10-27 22:27:35,52.6292,70.4169,23.61,53,42,12.21
459,Trairi,BR,2021-10-27 22:23:58,-3.2778,-39.2689,80.06,79,7,10.8
460,Bilibino,RU,2021-10-27 22:27:35,68.0546,166.4372,-20.97,98,34,3.02
461,Tyrma,RU,2021-10-27 22:27:36,50.0833,132.1667,27.0,94,6,2.39
462,Noumea,NC,2021-10-27 22:27:36,-22.2763,166.4572,79.0,99,51,11.27
463,Domna,RU,2021-10-27 22:27:37,51.8971,113.1573,19.56,93,12,2.24
464,Rancharia,BR,2021-10-27 22:27:37,-22.2292,-50.8931,81.52,84,100,10.98
465,Mehamn,NO,2021-10-27 22:23:34,71.0357,27.8492,28.67,69,58,13.62
466,Sola,VU,2021-10-27 22:27:38,-13.8833,167.55,78.39,81,100,14.23
467,Atasu,KZ,2021-10-27 22:27:38,48.6814,71.6433,29.3,55,0,7.05
468,Lucea,JM,2021-10-27 22:27:38,18.451,-78.1736,84.06,72,33,1.68
469,Bykovo,RU,2021-10-27 22:27:39,55.6361,38.0803,43.56,87,75,8.95
470,Goderich,CA,2021-10-27 22:27:39,43.7501,-81.7165,57.2,87,50,8.05
471,Malanje,AO,2021-10-27 22:27:40,-9.5402,16.341,65.7,91,85,2.57
472,Kaa-Khem,RU,2021-10-27 22:27:40,51.6833,94.7333,38.19,55,100,2.04
473,Okha,RU,2021-10-27 22:27:41,53.5739,142.9478,40.35,90,74,10.78
474,Garden City,US,2021-10-27 22:26:31,42.3256,-83.331,53.89,90,90,5.75
475,Alibag,IN,2021-10-27 22:27:41,18.6411,72.8792,80.67,58,0,7.72
476,Mangan,IN,2021-10-27 22:27:42,27.5167,88.5333,59.18,55,2,8.1
477,Kuruman,ZA,2021-10-27 22:27:42,-27.4524,23.4325,59.0,84,100,10.63
478,Honningsvag,NO,2021-10-27 22:27:43,70.9821,25.9704,34.54,61,24,24.63
479,Mokolo,CM,2021-10-27 22:27:43,10.7398,13.8019,76.71,20,30,4.07
480,Bubaque,GW,2021-10-27 22:27:44,11.2833,-15.8333,82.65,77,41,9.19
481,Uvira,CD,2021-10-27 22:27:44,-3.4067,29.1458,74.3,76,8,3.47
482,Pecos,US,2021-10-27 22:27:44,31.4229,-103.4932,73.49,12,1,12.66
483,Priargunsk,RU,2021-10-27 22:27:45,50.3691,119.1012,33.37,63,12,5.21
484,Susehri,TR,2021-10-27 22:27:46,40.1644,38.0867,46.11,29,0,0.76
485,Yar-Sale,RU,2021-10-27 22:27:46,66.8333,70.8333,12.65,92,62,6.78
486,Saint-Marc-Des-Carrieres,CA,2021-10-27 22:27:46,46.6834,-72.0491,50.14,76,95,8.05
487,Nirmal,IN,2021-10-27 22:27:47,19.1,78.35,66.54,63,16,4.05
488,Christchurch,NZ,2021-10-27 22:24:15,-43.5333,172.6333,61.95,80,90,1.01
489,Yanam,IN,2021-10-27 22:27:47,16.7333,82.2167,74.43,93,17,3.76
490,Alofi,NU,2021-10-27 22:23:36,-19.0595,-169.9187,80.49,65,40,19.57
491,Haines Junction,CA,2021-10-27 22:27:48,60.7522,-137.5108,31.95,69,99,1.14
492,Matara,LK,2021-10-27 22:24:35,5.9485,80.5353,76.08,90,100,7.56
493,Norsup,VU,2021-10-27 22:27:48,-16.0667,167.3833,81.88,76,100,10.92
494,Olivenza,ES,2021-10-27 22:27:49,38.6832,-7.103,63.21,45,28,2.06
495,Smithers,CA,2021-10-27 22:24:12,54.7804,-127.1743,48.52,40,40,6.91
496,Kamenka,RU,2021-10-27 22:27:50,51.3223,42.7678,35.96,46,2,10.45
497,Hofn,IS,2021-10-27 22:27:50,64.2539,-15.2082,40.98,66,31,9.84
498,Shaowu,CN,2021-10-27 22:27:50,27.3409,117.4831,59.05,97,49,1.88
499,Tabat,ID,2021-10-27 22:27:51,-2.635,115.2274,73.9,92,97,1.52
500,Papara,BR,2021-10-27 22:27:51,-3.9839,-38.7273,81.0,80,4,5.06
501,Keene,US,2021-10-27 22:27:52,42.9337,-72.2781,54.01,86,90,4.61
502,Aklavik,CA,2021-10-27 22:25:41,68.2191,-135.0107,29.23,91,97,2.15
503,Neiafu,TO,2021-10-27 22:27:52,-18.65,-173.9833,81.28,69,40,11.5
504,Toora-Khem,RU,2021-10-27 22:24:43,52.4675,96.11,33.33,90,100,3.76
505,Gao,ML,2021-10-27 22:27:53,16.6362,1.637,85.6,13,5,10.22
506,Shubarshi,KZ,2021-10-27 22:27:54,48.5872,57.1869,32.68,42,6,6.24
507,Jardim,BR,2021-10-27 22:26:23,-21.4803,-56.1381,82.94,52,89,4.74
508,Serowe,BW,2021-10-27 22:27:54,-22.3833,26.7167,65.66,68,99,16.02
509,Beitbridge,ZW,2021-10-27 22:27:55,-22.2167,30.0,70.72,70,100,20.98
510,Passagem Franca,BR,2021-10-27 22:27:55,-6.1797,-43.7836,86.16,37,51,0.92
511,Nanortalik,GL,2021-10-27 22:27:18,60.1432,-45.2371,34.92,67,3,7.81
512,Sompeta,IN,2021-10-27 22:27:56,18.9333,84.6,77.32,81,42,9.04
513,Mareeba,AU,2021-10-27 22:27:56,-17.0,145.4333,78.48,80,60,6.55
514,Okhotsk,RU,2021-10-27 22:24:20,59.3833,143.3,18.82,85,77,6.62
515,Tadine,NC,2021-10-27 22:27:57,-21.55,167.8833,77.86,74,6,7.02
516,Alta Floresta,BR,2021-10-27 22:26:37,-9.8756,-56.0861,74.91,92,61,1.32
517,Polyarnyy,RU,2021-10-27 22:27:57,69.1989,33.4478,9.07,67,78,6.42
518,Plakhtiyivka,UA,2021-10-27 22:27:58,46.1006,29.7217,47.26,60,3,6.67
519,Hashtrud,IR,2021-10-27 22:27:58,37.4779,47.0508,36.52,53,0,1.83
520,Requena,ES,2021-10-27 22:27:59,39.4883,-1.1004,56.14,95,100,3.06
521,Oktyabrskiy,RU,2021-10-27 22:27:59,54.4815,53.471,35.69,63,81,16.15
522,Samarai,PG,2021-10-27 22:28:00,-10.6167,150.6667,82.29,74,91,12.55
523,Yulara,AU,2021-10-27 22:24:37,-25.2406,130.9889,78.64,22,87,6.91
524,Madang,PG,2021-10-27 22:28:00,-5.2246,145.7966,79.39,87,76,1.68
525,The Valley,AI,2021-10-27 22:23:49,18.217,-63.0578,82.54,69,20,5.75
526,Nalut,LY,2021-10-27 22:28:01,30.3333,10.85,64.22,56,0,12.08
527,Araguacu,BR,2021-10-27 22:28:02,-12.9306,-49.8264,85.15,48,88,1.07
528,Prince Albert,CA,2021-10-27 22:28:02,53.2001,-105.7677,40.95,87,90,6.91
529,Buy,RU,2021-10-27 22:28:03,58.4786,41.53,40.68,91,96,10.42
530,Asfi,MA,2021-10-27 22:28:04,32.2994,-9.2372,66.36,82,0,10.02
531,Gamba,GA,2021-10-27 22:25:51,-2.65,10.0,74.43,92,100,5.03
532,Nam Dinh,VN,2021-10-27 22:25:08,20.4167,106.1667,72.73,82,100,5.44
533,Wasilla,US,2021-10-27 22:28:04,61.5814,-149.4394,35.06,81,90,3.44
534,Clarence Town,AU,2021-10-27 22:28:05,-32.5833,151.7833,78.35,41,66,3.06
535,Ahipara,NZ,2021-10-27 22:24:09,-35.1667,173.1667,66.49,71,97,6.53
536,Zavodoukovsk,RU,2021-10-27 22:28:06,56.5042,66.5515,30.47,82,99,10.58
537,Kharp,RU,2021-10-27 22:28:06,66.8014,65.8081,9.82,95,100,2.71
538,Oktyabrskoye,RU,2021-10-27 22:28:07,43.0645,44.7417,24.94,100,0,2.24
539,Nelson Bay,AU,2021-10-27 22:28:07,-32.7167,152.15,75.96,71,60,3.0
540,Gemena,CD,2021-10-27 22:28:08,3.25,19.7667,70.3,94,99,0.67
541,Xai-Xai,MZ,2021-10-27 22:28:08,-25.0519,33.6442,69.51,82,22,10.27
542,Narodychi,UA,2021-10-27 22:28:09,51.2029,29.0823,42.69,90,100,8.3
543,Grindavik,IS,2021-10-27 22:28:09,63.8424,-22.4338,39.67,81,0,8.05
544,Lepley,RU,2021-10-27 22:28:10,54.3092,42.8599,42.78,79,99,11.52
545,Muravlenko,RU,2021-10-27 22:28:10,63.7898,74.523,7.97,95,33,6.11
546,Waingapu,ID,2021-10-27 22:24:10,-9.6567,120.2641,80.98,77,70,5.82
547,Belgrade,RS,2021-10-27 22:25:21,44.804,20.4651,49.69,87,11,3.44
548,Montepuez,MZ,2021-10-27 22:28:11,-13.1256,38.9997,72.55,69,20,5.88
549,Nsanje,MW,2021-10-27 22:28:11,-16.92,35.262,73.72,74,8,5.12
550,Whitianga,NZ,2021-10-27 22:25:09,-36.8333,175.7,64.02,74,100,4.29
551,Tautira,PF,2021-10-27 22:28:12,-17.7333,-149.15,84.22,80,10,12.08
552,Casale Monferrato,IT,2021-10-27 22:28:12,45.1334,8.4571,55.56,81,12,2.26
553,Rabaul,PG,2021-10-27 22:28:13,-4.1967,152.1721,83.1,72,31,7.94
554,Santiago Del Estero,AR,2021-10-27 22:28:13,-27.7951,-64.2615,90.81,13,95,9.75
555,Voh,NC,2021-10-27 22:28:14,-20.9667,164.7,82.11,63,7,5.55
556,Chipinge,ZW,2021-10-27 22:28:14,-20.1883,32.6236,61.25,93,76,7.52
557,Safranbolu,TR,2021-10-27 22:28:15,41.2508,32.6942,44.51,78,2,1.16
558,Teknaf,BD,2021-10-27 22:28:15,20.8624,92.3058,76.03,86,86,3.96
559,Rock Sound,BS,2021-10-27 22:28:16,24.9,-76.2,81.79,77,4,10.78
560,Marzuq,YE,2021-10-27 22:28:16,14.4,46.4667,69.55,55,13,4.32
561,Shingu,JP,2021-10-27 22:28:17,33.7333,135.9833,56.12,78,0,6.73
562,Puerto Del Rosario,ES,2021-10-27 22:27:55,28.5004,-13.8627,69.55,68,27,8.05
563,Turiacu,BR,2021-10-27 22:28:17,-1.6633,-45.3717,78.31,80,58,5.32
564,Ntcheu,MW,2021-10-27 22:28:18,-14.8203,34.6359,66.94,77,63,5.55
565,Saint-Georges,GD,2021-10-27 22:24:05,12.0564,-61.7485,82.08,83,75,9.22
566,Inhambane,MZ,2021-10-27 22:28:18,-23.865,35.3833,70.75,78,30,12.46
567,Quang Ngai,VN,2021-10-27 22:28:19,15.1167,108.8,73.87,92,69,2.89
568,Benjamin Aceval,PY,2021-10-27 22:28:19,-24.9667,-57.5667,87.94,50,24,4.14
569,Irati,BR,2021-10-27 22:28:20,-25.4672,-50.6511,64.26,94,66,3.51
570,Keti Bandar,PK,2021-10-27 22:24:01,24.1447,67.4497,78.51,57,0,7.87
571,Chicama,PE,2021-10-27 22:28:20,-7.8447,-79.1469,61.34,70,27,10.78
572,Porto Novo,BJ,2021-10-27 22:28:21,6.4965,2.6036,82.22,83,61,5.19
573,Aguilas,ES,2021-10-27 22:28:21,37.4063,-1.5829,64.2,72,63,5.57
574,Batagay,RU,2021-10-27 22:28:22,67.6333,134.6333,4.48,98,67,3.67
575,Kyshtovka,RU,2021-10-27 22:28:22,56.555,76.6271,29.21,74,95,6.4
576,Xining,CN,2021-10-27 22:28:23,36.6167,101.7667,32.92,82,29,1.63
577,Berbera,SO,2021-10-27 22:28:23,10.4396,45.0143,80.98,54,0,5.97
578,Mopti,ML,2021-10-27 22:28:24,14.6667,-4.0,91.08,16,8,9.35
579,Araquari,BR,2021-10-27 22:28:24,-26.3703,-48.7211,73.33,83,75,4.61
580,Port Lincoln,AU,2021-10-27 22:28:25,-34.7333,135.8667,59.22,86,68,14.99
581,Bintulu,MY,2021-10-27 22:28:25,3.1667,113.0333,77.41,94,40,2.3
582,Kudahuvadhoo,MV,2021-10-27 22:28:26,2.6708,72.8944,81.25,77,96,8.08
583,Itoman,JP,2021-10-27 22:28:26,26.1247,127.6694,73.42,60,75,6.91
584,Half Moon Bay,US,2021-10-27 22:25:25,37.4636,-122.4286,76.91,76,1,1.01
585,Kalat,PK,2021-10-27 22:28:27,29.0225,66.5916,45.45,19,0,0.56
586,Krasnomayskiy,RU,2021-10-27 22:28:27,57.6194,34.4099,41.99,85,100,9.01
587,Sorong,ID,2021-10-27 22:24:05,-0.8833,131.25,80.67,79,61,4.92
588,Talnakh,RU,2021-10-27 22:28:28,69.4865,88.3972,-4.86,99,96,8.21
589,Newcastle,AU,2021-10-27 22:25:05,-32.9272,151.7765,78.19,70,0,1.01
590,Suzun,RU,2021-10-27 22:28:28,53.7841,82.3116,26.92,58,94,3.49
591,Zhanaozen,KZ,2021-10-27 22:28:29,43.3,52.8,38.17,54,0,7.52
592,Arkhipo-Osipovka,RU,2021-10-27 22:28:29,44.37,38.52,48.24,68,0,2.93
593,Kabo,CF,2021-10-27 22:28:30,7.6994,18.629,75.27,80,44,0.43
594,Quatre Cocos,MU,2021-10-27 22:28:30,-20.2078,57.7625,72.09,72,7,8.41
595,Banjar,ID,2021-10-27 22:28:31,-8.19,114.9675,78.66,87,47,3.51
596,Dosso,NE,2021-10-27 22:28:32,13.049,3.1937,86.77,29,4,6.02
597,Katiola,CI,2021-10-27 22:28:32,8.1333,-5.1,79.43,80,100,3.83
598,Sambava,MG,2021-10-27 22:28:33,-14.2667,50.1667,72.27,86,21,3.09
599,Port Augusta,AU,2021-10-27 22:28:33,-32.5,137.7667,81.72,55,0,5.61
600,Kokopo,PG,2021-10-27 22:28:34,-4.352,152.2633,83.35,70,29,7.38
601,Lindsay,US,2021-10-27 22:27:18,36.203,-119.0882,72.01,51,1,0.0
602,Dudinka,RU,2021-10-27 22:28:35,69.4058,86.1778,-9.69,99,86,5.46
603,Tolaga Bay,NZ,2021-10-27 22:28:35,-38.3667,178.3,68.25,59,100,4.9
604,Boundiali,CI,2021-10-27 22:28:35,9.5217,-6.4869,75.96,85,77,6.22
605,Pudozh,RU,2021-10-27 22:28:36,61.8099,36.5345,40.86,96,100,2.8
606,Angelopolis,US,2021-10-27 22:27:54,34.0522,-118.2437,90.45,30,1,4.61
607,Nemuro,JP,2021-10-27 22:28:37,43.3236,145.575,56.21,86,23,13.96
608,Sulam,IL,2021-10-27 22:28:37,32.6061,35.3341,64.24,67,2,2.55
609,Guerrero Negro,MX,2021-10-27 22:28:38,27.9769,-114.0611,81.01,27,0,10.07
610,Florianopolis,BR,2021-10-27 22:24:10,-27.6146,-48.5012,72.41,66,0,5.75
611,Baglan,AF,2021-10-27 22:28:38,36.1307,68.7083,56.5,42,45,4.97
612,Puerto Cabezas,NI,2021-10-27 22:28:39,14.0351,-83.3888,84.16,84,40,6.91
613,Arras,FR,2021-10-27 22:28:39,50.293,2.7819,50.67,93,40,8.68
614,Temir,KZ,2021-10-27 22:28:39,49.1414,57.13,31.5,48,14,7.74
615,Barichara,CO,2021-10-27 22:28:40,6.6357,-73.2228,67.59,96,100,3.04
616,Ilek,RU,2021-10-27 22:28:40,51.5271,53.3831,36.28,53,49,14.56
617,Mandalgovi,MN,2021-10-27 22:28:41,45.7625,106.2708,35.82,39,0,8.93
618,Menomonie,US,2021-10-27 22:28:41,44.8755,-91.9193,56.73,58,100,4.61
619,Cayenne,GF,2021-10-27 22:23:43,4.9333,-52.3333,82.44,81,40,4.0
620,San Martin,AR,2021-10-27 22:24:26,-33.081,-68.4681,90.14,12,40,4.61
621,Bjornevatn,NO,2021-10-27 22:28:42,69.6672,29.9847,21.54,93,7,4.61
622,Porto Walter,BR,2021-10-27 22:28:42,-8.2686,-72.7439,87.48,50,84,4.54
623,Simao,CN,2021-10-27 22:28:43,22.7886,100.9748,61.79,98,85,1.28
624,Nassau,US,2021-10-27 22:28:43,40.7507,-73.5829,60.51,72,90,3.0
625,Harper,LR,2021-10-27 22:28:44,4.375,-7.7169,77.49,87,72,7.49
626,Ust-Tsilma,RU,2021-10-27 22:28:44,65.441,52.1498,27.09,97,100,3.98
627,Dunmore Town,BS,2021-10-27 22:28:45,25.5,-76.65,81.27,76,13,14.03
628,Mae Tha,TH,2021-10-27 22:28:45,18.4646,99.1403,75.79,98,97,1.01
629,Makakilo City,US,2021-10-27 22:23:54,21.3469,-158.0858,84.52,58,90,6.91
630,Livingstone,ZM,2021-10-27 22:28:46,-17.8419,25.8543,78.3,42,34,9.33
631,Mayo,US,2021-10-27 22:26:57,38.8876,-76.5119,68.95,68,0,1.99
632,Khash,IR,2021-10-27 22:28:47,28.2211,61.2158,60.73,31,25,2.01
633,Sinnamary,GF,2021-10-27 22:28:47,5.3833,-52.95,78.91,84,30,9.17
634,Kushmurun,KZ,2021-10-27 22:28:47,52.4503,64.6311,33.62,47,55,14.58
635,Jalu,LY,2021-10-27 22:28:48,29.0331,21.5482,71.37,54,67,4.27
636,Redmond,US,2021-10-27 22:25:02,47.674,-122.1215,57.34,73,100,3.0
637,Moron,AR,2021-10-27 22:24:05,-34.6534,-58.6198,90.01,31,0,7.87
638,Odienne,CI,2021-10-27 22:28:49,9.51,-7.5692,73.63,90,73,3.62
639,Vanavara,RU,2021-10-27 22:28:49,60.34,102.2797,23.59,57,100,15.73
640,Punta Alta,AR,2021-10-27 22:27:55,-38.8759,-62.0736,72.52,50,19,13.49
641,Betong,TH,2021-10-27 22:28:50,5.7743,101.0723,72.21,99,100,1.88
642,Khandyga,RU,2021-10-27 22:28:50,62.6667,135.6,21.83,98,100,1.36
643,Kamaishi,JP,2021-10-27 22:28:50,39.2667,141.8833,56.84,80,18,5.35
644,Pitimbu,BR,2021-10-27 22:28:51,-7.4706,-34.8086,79.39,77,6,13.27
645,Takoradi,GH,2021-10-27 22:24:35,4.8845,-1.7554,78.84,85,12,8.34
646,Severnyy-Kospashskiy,RU,2021-10-27 22:28:51,59.0925,57.8008,34.61,100,100,8.99
647,Balabac,PH,2021-10-27 22:28:52,7.9868,117.0645,82.36,77,100,14.79
648,Lorengau,PG,2021-10-27 22:28:52,-2.0226,147.2712,83.03,76,36,5.79
649,Sungaipenuh,ID,2021-10-27 22:28:53,-2.0833,101.3833,64.63,84,99,2.3
650,Mitsamiouli,KM,2021-10-27 22:28:53,-11.3847,43.2844,78.31,79,2,1.7
651,Morant Bay,JM,2021-10-27 22:28:54,17.8815,-76.4093,83.82,78,61,8.37
652,Bundaberg,AU,2021-10-27 22:28:54,-24.85,152.35,77.29,73,90,12.66
653,Pyay,MM,2021-10-27 22:28:55,18.8167,95.2167,73.24,96,22,4.61
654,Viedma,AR,2021-10-27 22:26:30,-40.8135,-62.9967,76.44,19,5,16.64
655,Kalmunai,LK,2021-10-27 22:28:55,7.4167,81.8167,77.88,84,100,6.82
656,Kemijarvi,FI,2021-10-27 22:28:56,66.7131,27.4306,27.32,91,100,8.63
657,Shizunai,JP,2021-10-27 22:28:56,42.3339,142.3669,55.71,82,26,15.35
658,Portland,US,2021-10-27 22:27:32,45.5234,-122.6762,58.98,86,90,1.01
659,Bodrum,TR,2021-10-27 22:28:56,37.0383,27.4292,65.68,60,58,3.02
660,Puerto Penasco,MX,2021-10-27 22:28:57,31.3167,-113.5333,80.91,25,0,5.99
661,Springfield,US,2021-10-27 22:26:48,37.2153,-93.2982,53.65,94,90,7.0
662,Murray Bridge,AU,2021-10-27 22:28:58,-35.1167,139.2667,67.42,81,79,5.39
663,Yaan,NG,2021-10-27 22:28:58,7.3833,8.5667,75.97,87,100,5.91
664,Jiangyou,CN,2021-10-27 22:28:59,31.7667,104.7167,57.25,85,100,2.06
665,Kallaste,EE,2021-10-27 22:28:59,58.655,27.1592,50.23,83,100,18.79
666,Elk,PL,2021-10-27 22:29:00,53.8282,22.3647,51.57,85,100,13.27
667,Vernon,CA,2021-10-27 22:29:00,50.2581,-119.2691,57.61,40,76,1.99
668,Na Klang,TH,2021-10-27 22:29:01,17.3072,102.1889,69.76,99,100,3.67
669,Dwarka,IN,2021-10-27 22:29:02,22.2394,68.9678,81.0,54,5,11.39
